data_id,api_url_id,param_seq,value_seq,value_set,value_set_desc,parent_set
DT0001,AU0001,2,1,MT_ZTITLE,국내통계 주제별,
DT0001,AU0001,2,2,MT_OTITLE,국내통계 기관별,
DT0001,AU0001,2,3,MT_GTITLE01,e-지방지표(주제별),
DT0001,AU0001,2,4,MT_GTITLE02,e-지방지표(지역별),
DT0001,AU0001,2,5,MT_GTITLE03,e-지방지표(테마별),
DT0001,AU0001,2,6,MT_CHOSUN_TITLE,광복이전통계(1908~1943),
DT0001,AU0001,2,7,MT_HANKUK_TITLE,대한민국통계연감,
DT0001,AU0001,2,8,MT_STOP_TITLE,작성중지통계,
DT0001,AU0001,2,9,MT_RTITLE,국제통계,
DT0001,AU0001,2,10,MT_BUKHAN,북한통계,
DT0001,AU0001,2,11,MT_TM1_TITLE,대상별통계,
DT0001,AU0001,2,12,MT_TM2_TITLE,이슈별통계,
DT0001,AU0001,3,1,A,인구,MT_ZTITLE
DT0001,AU0001,3,2,B,사회일반,MT_ZTITLE
DT0001,AU0001,3,3,C,범죄ㆍ안전,MT_ZTITLE
DT0001,AU0001,3,4,D,노동,MT_ZTITLE
DT0001,AU0001,3,5,E,소득ㆍ소비ㆍ자산,MT_ZTITLE
DT0001,AU0001,3,6,F,보건,MT_ZTITLE
DT0001,AU0001,3,7,G,복지,MT_ZTITLE
DT0001,AU0001,3,8,H1,교육.훈련,MT_ZTITLE
DT0001,AU0001,3,9,H2,문화ㆍ여가,MT_ZTITLE
DT0001,AU0001,3,10,I1,주거,MT_ZTITLE
DT0001,AU0001,3,11,I2,국토이용,MT_ZTITLE
DT0001,AU0001,3,12,J1,경제일반ㆍ경기,MT_ZTITLE
DT0001,AU0001,3,13,J2,기업경영,MT_ZTITLE
DT0001,AU0001,3,14,K1,농림,MT_ZTITLE
DT0001,AU0001,3,15,K2,수산,MT_ZTITLE
DT0001,AU0001,3,16,L,광업ㆍ제조업,MT_ZTITLE
DT0001,AU0001,3,17,M1,건설,MT_ZTITLE
DT0001,AU0001,3,18,M2,교통ㆍ물류,MT_ZTITLE
DT0001,AU0001,3,19,N1,정보통신,MT_ZTITLE
DT0001,AU0001,3,20,N2,과학ㆍ기술,MT_ZTITLE
DT0001,AU0001,3,21,O,도소매ㆍ서비스,MT_ZTITLE
DT0001,AU0001,3,22,P1,임금,MT_ZTITLE
DT0001,AU0001,3,23,P2,물가,MT_ZTITLE
DT0001,AU0001,3,24,Q,국민계정,MT_ZTITLE
DT0001,AU0001,3,25,R,정부ㆍ재정,MT_ZTITLE
DT0001,AU0001,3,26,S1,금융,MT_ZTITLE
DT0001,AU0001,3,27,S2,무역ㆍ국제수지,MT_ZTITLE
DT0001,AU0001,3,28,T,환경,MT_ZTITLE
DT0001,AU0001,3,29,U,에너지,MT_ZTITLE
DT0001,AU0001,3,30,V,지역통계,MT_ZTITLE
DT0001,AU0001,3,31,179,개인정보 보호위원회,MT_OTITLE
DT0001,AU0001,3,32,135,검찰청,MT_OTITLE
DT0001,AU0001,3,33,132,경찰청,MT_OTITLE
DT0001,AU0001,3,34,118,고용노동부,MT_OTITLE
DT0001,AU0001,3,35,152,공정거래위원회,MT_OTITLE
DT0001,AU0001,3,36,127,과학기술정보통신부,MT_OTITLE
DT0001,AU0001,3,37,134,관세청,MT_OTITLE
DT0001,AU0001,3,38,112,교육부,MT_OTITLE
DT0001,AU0001,3,39,101,국가데이터처,MT_OTITLE
DT0001,AU0001,3,40,109,국가보훈부,MT_OTITLE
DT0001,AU0001,3,41,150,국가유산청,MT_OTITLE
DT0001,AU0001,3,42,129,국가인권위원회,MT_OTITLE
DT0001,AU0001,3,43,170,국무조정실,MT_OTITLE
DT0001,AU0001,3,44,122,국방부,MT_OTITLE
DT0001,AU0001,3,45,133,국세청,MT_OTITLE
DT0001,AU0001,3,46,116,국토교통부,MT_OTITLE
DT0001,AU0001,3,47,141,기상청,MT_OTITLE
DT0001,AU0001,3,48,102,기획재정부,MT_OTITLE
DT0001,AU0001,3,49,106,기후에너지환경부,MT_OTITLE
DT0001,AU0001,3,50,114,농림축산식품부,MT_OTITLE
DT0001,AU0001,3,51,143,농촌진흥청,MT_OTITLE
DT0001,AU0001,3,52,113,문화체육관광부,MT_OTITLE
DT0001,AU0001,3,53,164,방송미디어통신위원회,MT_OTITLE
DT0001,AU0001,3,54,169,방위사업청,MT_OTITLE
DT0001,AU0001,3,55,111,법무부,MT_OTITLE
DT0001,AU0001,3,56,144,병무청,MT_OTITLE
DT0001,AU0001,3,57,117,보건복지부,MT_OTITLE
DT0001,AU0001,3,58,136,산림청,MT_OTITLE
DT0001,AU0001,3,59,115,산업통상부,MT_OTITLE
DT0001,AU0001,3,60,154,성평등가족부,MT_OTITLE
DT0001,AU0001,3,61,156,소방청,MT_OTITLE
DT0001,AU0001,3,62,145,식품의약품안전처,MT_OTITLE
DT0001,AU0001,3,63,183,우주항공청,MT_OTITLE
DT0001,AU0001,3,64,174,인사혁신처,MT_OTITLE
DT0001,AU0001,3,65,131,조달청,MT_OTITLE
DT0001,AU0001,3,66,142,중소벤처기업부,MT_OTITLE
DT0001,AU0001,3,67,138,지식재산처,MT_OTITLE
DT0001,AU0001,3,68,177,질병관리청,MT_OTITLE
DT0001,AU0001,3,69,103,통일부,MT_OTITLE
DT0001,AU0001,3,70,155,해양경찰청,MT_OTITLE
DT0001,AU0001,3,71,123,해양수산부,MT_OTITLE
DT0001,AU0001,3,72,110,행정안전부,MT_OTITLE
DT0001,AU0001,3,73,211,강원특별자치도,MT_OTITLE
DT0001,AU0001,3,74,210,경기도,MT_OTITLE
DT0001,AU0001,3,75,217,경상남도,MT_OTITLE
DT0001,AU0001,3,76,216,경상북도,MT_OTITLE
DT0001,AU0001,3,77,205,광주광역시,MT_OTITLE
DT0001,AU0001,3,78,203,대구광역시,MT_OTITLE
DT0001,AU0001,3,79,206,대전광역시,MT_OTITLE
DT0001,AU0001,3,80,202,부산광역시,MT_OTITLE
DT0001,AU0001,3,81,201,서울특별시,MT_OTITLE
DT0001,AU0001,3,82,208,세종특별자치시,MT_OTITLE
DT0001,AU0001,3,83,207,울산광역시,MT_OTITLE
DT0001,AU0001,3,84,204,인천광역시,MT_OTITLE
DT0001,AU0001,3,85,215,전라남도,MT_OTITLE
DT0001,AU0001,3,86,214,전북특별자치도,MT_OTITLE
DT0001,AU0001,3,87,218,제주특별자치도,MT_OTITLE
DT0001,AU0001,3,88,213,충청남도,MT_OTITLE
DT0001,AU0001,3,89,212,충청북도,MT_OTITLE
DT0001,AU0001,3,90,382,보험개발원,MT_OTITLE
DT0001,AU0001,3,91,303,중소기업은행,MT_OTITLE
DT0001,AU0001,3,92,343,한국거래소,MT_OTITLE
DT0001,AU0001,3,93,406,한국산업은행,MT_OTITLE
DT0001,AU0001,3,94,348,한국예탁결제원,MT_OTITLE
DT0001,AU0001,3,95,301,한국은행,MT_OTITLE
DT0001,AU0001,3,96,355,국립공원공단,MT_OTITLE
DT0001,AU0001,3,97,350,국민건강보험공단,MT_OTITLE
DT0001,AU0001,3,98,322,국민연금공단,MT_OTITLE
DT0001,AU0001,3,99,328,국토안전관리원,MT_OTITLE
DT0001,AU0001,3,100,439,근로복지공단,MT_OTITLE
DT0001,AU0001,3,101,967,대한법률구조공단,MT_OTITLE
DT0001,AU0001,3,102,451,부산항만공사,MT_OTITLE
DT0001,AU0001,3,103,309,소상공인시장진흥공단,MT_OTITLE
DT0001,AU0001,3,104,461,신용보증기금,MT_OTITLE
DT0001,AU0001,3,105,440,예금보험공사,MT_OTITLE
DT0001,AU0001,3,106,414,주택도시보증공사,MT_OTITLE
DT0001,AU0001,3,107,323,축산물품질평가원,MT_OTITLE
DT0001,AU0001,3,108,436,한국가스안전공사,MT_OTITLE
DT0001,AU0001,3,109,381,한국공항공사,MT_OTITLE
DT0001,AU0001,3,110,314,한국관광공사,MT_OTITLE
DT0001,AU0001,3,111,386,한국광해광업공단,MT_OTITLE
DT0001,AU0001,3,112,426,한국교통안전공단,MT_OTITLE
DT0001,AU0001,3,113,460,한국국토정보공사,MT_OTITLE
DT0001,AU0001,3,114,311,한국농어촌공사,MT_OTITLE
DT0001,AU0001,3,115,313,한국도로공사,MT_OTITLE
DT0001,AU0001,3,116,447,한국무역보험공사,MT_OTITLE
DT0001,AU0001,3,117,423,한국방송광고진흥공사,MT_OTITLE
DT0001,AU0001,3,118,399,한국산업단지공단,MT_OTITLE
DT0001,AU0001,3,119,380,한국산업안전보건공단,MT_OTITLE
DT0001,AU0001,3,120,387,한국산업인력공단,MT_OTITLE
DT0001,AU0001,3,121,318,한국석유공사,MT_OTITLE
DT0001,AU0001,3,122,459,한국수산자원공단,MT_OTITLE
DT0001,AU0001,3,123,337,한국에너지공단,MT_OTITLE
DT0001,AU0001,3,124,465,한국자산관리공사,MT_OTITLE
DT0001,AU0001,3,125,383,한국장애인고용공단,MT_OTITLE
DT0001,AU0001,3,126,422,한국전기안전공사,MT_OTITLE
DT0001,AU0001,3,127,310,한국전력공사,MT_OTITLE
DT0001,AU0001,3,128,321,한국주택금융공사,MT_OTITLE
DT0001,AU0001,3,129,357,한국철도공사,MT_OTITLE
DT0001,AU0001,3,130,392,한국환경공단,MT_OTITLE
DT0001,AU0001,3,131,412,(재)한국정보통신산업연구원,MT_OTITLE
DT0001,AU0001,3,132,462,건축공간연구원,MT_OTITLE
DT0001,AU0001,3,133,395,과학기술정책연구원,MT_OTITLE
DT0001,AU0001,3,134,390,국토연구원,MT_OTITLE
DT0001,AU0001,3,135,339,에너지경제연구원,MT_OTITLE
DT0001,AU0001,3,136,405,정보통신정책연구원,MT_OTITLE
DT0001,AU0001,3,137,398,중소기업기술정보진흥원,MT_OTITLE
DT0001,AU0001,3,138,397,한국건설기술연구원,MT_OTITLE
DT0001,AU0001,3,139,442,한국과학기술연구원,MT_OTITLE
DT0001,AU0001,3,140,334,한국교육개발원,MT_OTITLE
DT0001,AU0001,3,141,444,한국교통연구원,MT_OTITLE
DT0001,AU0001,3,142,336,한국노동연구원,MT_OTITLE
DT0001,AU0001,3,143,434,한국문화관광연구원,MT_OTITLE
DT0001,AU0001,3,144,456,한국법제연구원,MT_OTITLE
DT0001,AU0001,3,145,331,한국보건사회연구원,MT_OTITLE
DT0001,AU0001,3,146,358,한국보건산업진흥원,MT_OTITLE
DT0001,AU0001,3,147,449,한국생명공학연구원,MT_OTITLE
DT0001,AU0001,3,148,458,한국세라믹기술원,MT_OTITLE
DT0001,AU0001,3,149,338,한국여성정책연구원,MT_OTITLE
DT0001,AU0001,3,150,438,한국장애인개발원,MT_OTITLE
DT0001,AU0001,3,151,359,한국전기산업연구원,MT_OTITLE
DT0001,AU0001,3,152,341,한국조세재정연구원,MT_OTITLE
DT0001,AU0001,3,153,428,한국지질자원연구원,MT_OTITLE
DT0001,AU0001,3,154,389,한국직업능력연구원,MT_OTITLE
DT0001,AU0001,3,155,402,한국청소년정책연구원,MT_OTITLE
DT0001,AU0001,3,156,450,한국청소년활동진흥원,MT_OTITLE
DT0001,AU0001,3,157,421,한국한의학연구원,MT_OTITLE
DT0001,AU0001,3,158,417,한국행정연구원,MT_OTITLE
DT0001,AU0001,3,159,403,한국형사·법무정책연구원,MT_OTITLE
DT0001,AU0001,3,160,410,한국환경산업기술원,MT_OTITLE
DT0001,AU0001,3,161,448,(사)한국디자인산업연합회,MT_OTITLE
DT0001,AU0001,3,162,466,(사)한국쌀가공식품협회,MT_OTITLE
DT0001,AU0001,3,163,435,(사)한국여신전문금융업협회,MT_OTITLE
DT0001,AU0001,3,164,431,(사)한국여행업협회,MT_OTITLE
DT0001,AU0001,3,165,463,(사)한국자동차튜닝산업협회,MT_OTITLE
DT0001,AU0001,3,166,465,대한건설협회,MT_OTITLE
DT0001,AU0001,3,167,369,대한기계설비건설협회,MT_OTITLE
DT0001,AU0001,3,168,366,대한전문건설협회,MT_OTITLE
DT0001,AU0001,3,169,367,생명보험협회,MT_OTITLE
DT0001,AU0001,3,170,307,수산업협동조합중앙회,MT_OTITLE
DT0001,AU0001,3,171,340,중소기업중앙회,MT_OTITLE
DT0001,AU0001,3,172,470,학교안전공제중앙회,MT_OTITLE
DT0001,AU0001,3,173,378,한국건설엔지니어링협회,MT_OTITLE
DT0001,AU0001,3,174,377,한국공간정보산업협회,MT_OTITLE
DT0001,AU0001,3,175,325,한국금융투자협회,MT_OTITLE
DT0001,AU0001,3,176,373,한국기계산업진흥회,MT_OTITLE
DT0001,AU0001,3,177,401,한국로봇산업협회,MT_OTITLE
DT0001,AU0001,3,178,360,한국무역협회,MT_OTITLE
DT0001,AU0001,3,179,372,한국엔지니어링협회,MT_OTITLE
DT0001,AU0001,3,180,375,한국인공지능·소프트웨어산업협회,MT_OTITLE
DT0001,AU0001,3,181,370,한국전기공사협회,MT_OTITLE
DT0001,AU0001,3,182,430,한국전시산업진흥회,MT_OTITLE
DT0001,AU0001,3,183,429,한국지방재정공제회,MT_OTITLE
DT0001,AU0001,3,184,363,한국철강협회,MT_OTITLE
DT0001,AU0001,3,185,326,해외건설협회,MT_OTITLE
DT0001,AU0001,3,186,427,(재)한국청년기업가정신재단,MT_OTITLE
DT0001,AU0001,3,187,354,건강보험심사평가원,MT_OTITLE
DT0001,AU0001,3,188,420,국가평생교육진흥원,MT_OTITLE
DT0001,AU0001,3,189,411,국립중앙의료원,MT_OTITLE
DT0001,AU0001,3,190,445,대한적십자사,MT_OTITLE
DT0001,AU0001,3,191,437,북한이탈주민지원재단(남북하나재단),MT_OTITLE
DT0001,AU0001,3,192,468,아동권리보장원,MT_OTITLE
DT0001,AU0001,3,193,453,재단법인 여성기업종합지원센터,MT_OTITLE
DT0001,AU0001,3,194,327,한국고용정보원,MT_OTITLE
DT0001,AU0001,3,195,415,한국공정거래조정원,MT_OTITLE
DT0001,AU0001,3,196,424,한국기상산업기술원,MT_OTITLE
DT0001,AU0001,3,197,464,한국노인인력개발원,MT_OTITLE
DT0001,AU0001,3,198,469,한국도박문제예방치유원,MT_OTITLE
DT0001,AU0001,3,199,433,한국문화예술위원회,MT_OTITLE
DT0001,AU0001,3,200,409,한국방위산업진흥회,MT_OTITLE
DT0001,AU0001,3,201,408,한국부동산원,MT_OTITLE
DT0001,AU0001,3,202,418,한국사학진흥재단,MT_OTITLE
DT0001,AU0001,3,203,452,한국사회보장정보원,MT_OTITLE
DT0001,AU0001,3,204,344,한국생산성본부,MT_OTITLE
DT0001,AU0001,3,205,413,한국언론진흥재단,MT_OTITLE
DT0001,AU0001,3,206,441,한국에너지기술평가원,MT_OTITLE
DT0001,AU0001,3,207,329,한국인터넷진흥원,MT_OTITLE
DT0001,AU0001,3,208,443,한국저작권위원회,MT_OTITLE
DT0001,AU0001,3,209,388,한국전력거래소,MT_OTITLE
DT0001,AU0001,3,210,101,인구,MT_GTITLE01
DT0001,AU0001,3,211,102,가족,MT_GTITLE01
DT0001,AU0001,3,212,103,건강,MT_GTITLE01
DT0001,AU0001,3,213,104,교육,MT_GTITLE01
DT0001,AU0001,3,214,105,소득과 소비,MT_GTITLE01
DT0001,AU0001,3,215,106,고용과 노동,MT_GTITLE01
DT0001,AU0001,3,216,107,주거와 교통,MT_GTITLE01
DT0001,AU0001,3,217,108,문화와 여가,MT_GTITLE01
DT0001,AU0001,3,218,109,성장과 안정,MT_GTITLE01
DT0001,AU0001,3,219,110,안전,MT_GTITLE01
DT0001,AU0001,3,220,111,환경,MT_GTITLE01
DT0001,AU0001,3,221,112,사회통합,MT_GTITLE01
DT0001,AU0001,3,222,11,서울특별시,MT_GTITLE02
DT0001,AU0001,3,223,21,부산광역시,MT_GTITLE02
DT0001,AU0001,3,224,22,대구광역시,MT_GTITLE02
DT0001,AU0001,3,225,23,인천광역시,MT_GTITLE02
DT0001,AU0001,3,226,24,광주광역시,MT_GTITLE02
DT0001,AU0001,3,227,25,대전광역시,MT_GTITLE02
DT0001,AU0001,3,228,26,울산광역시,MT_GTITLE02
DT0001,AU0001,3,229,101_27,세종특별자치시,MT_GTITLE02
DT0001,AU0001,3,230,31,경기도,MT_GTITLE02
DT0001,AU0001,3,231,32,강원특별자치도,MT_GTITLE02
DT0001,AU0001,3,232,33,충청북도,MT_GTITLE02
DT0001,AU0001,3,233,34,충청남도,MT_GTITLE02
DT0001,AU0001,3,234,35,전북특별자치도,MT_GTITLE02
DT0001,AU0001,3,235,36,전라남도,MT_GTITLE02
DT0001,AU0001,3,236,37,경상북도,MT_GTITLE02
DT0001,AU0001,3,237,38,경상남도,MT_GTITLE02
DT0001,AU0001,3,238,39,제주특별자치도,MT_GTITLE02
DT0001,AU0001,3,239,101,일자리상황,MT_GTITLE03
DT0001,AU0001,3,240,102,삶의 질,MT_GTITLE03
DT0001,AU0001,3,241,103,저출산/고령화,MT_GTITLE03
DT0001,AU0001,3,242,104,지역인구 주요 지표,MT_GTITLE03
DT0001,AU0001,3,243,999_Q02_A01,국토·기후,MT_CHOSUN_TITLE
DT0001,AU0001,3,244,999_Q02_B01,인구·가구,MT_CHOSUN_TITLE
DT0001,AU0001,3,245,999_Q02_C01,고용·노동·임금,MT_CHOSUN_TITLE
DT0001,AU0001,3,246,999_Q02_D01,물가,MT_CHOSUN_TITLE
DT0001,AU0001,3,247,999_Q02_E01,보건·복지,MT_CHOSUN_TITLE
DT0001,AU0001,3,248,999_Q02_F01,농림어업,MT_CHOSUN_TITLE
DT0001,AU0001,3,249,999_Q02_G01,광공업,MT_CHOSUN_TITLE
DT0001,AU0001,3,250,999_Q02_H01,건설·주택·상수도,MT_CHOSUN_TITLE
DT0001,AU0001,3,251,999_Q02_I01,교통·정보통신,MT_CHOSUN_TITLE
DT0001,AU0001,3,252,999_Q02_J01,재정·금융·보험,MT_CHOSUN_TITLE
DT0001,AU0001,3,253,999_Q02_K01,무역·외환·국제수지,MT_CHOSUN_TITLE
DT0001,AU0001,3,254,999_Q02_L01,교육·문화·과학,MT_CHOSUN_TITLE
DT0001,AU0001,3,255,999_Q02_M01,범죄·재해,MT_CHOSUN_TITLE
DT0001,AU0001,3,256,999_Q02_O01,사법·행정,MT_CHOSUN_TITLE
DT0001,AU0001,3,257,A,국토·기후,MT_HANKUK_TITLE
DT0001,AU0001,3,258,B,인구·가구,MT_HANKUK_TITLE
DT0001,AU0001,3,259,C,고용·노동·임금,MT_HANKUK_TITLE
DT0001,AU0001,3,260,D,물가·가계,MT_HANKUK_TITLE
DT0001,AU0001,3,261,E,보건·복지,MT_HANKUK_TITLE
DT0001,AU0001,3,262,F,농림어업,MT_HANKUK_TITLE
DT0001,AU0001,3,263,G,광공업·에너지,MT_HANKUK_TITLE
DT0001,AU0001,3,264,H,건설·주택,MT_HANKUK_TITLE
DT0001,AU0001,3,265,I,교통·통신,MT_HANKUK_TITLE
DT0001,AU0001,3,266,J,국민계정·기업,MT_HANKUK_TITLE
DT0001,AU0001,3,267,K,경기·기업경영 (사업체),MT_HANKUK_TITLE
DT0001,AU0001,3,268,L,무역·외환·국제수지,MT_HANKUK_TITLE
DT0001,AU0001,3,269,M,교육·문화,MT_HANKUK_TITLE
DT0001,AU0001,3,270,N,범죄·재해,MT_HANKUK_TITLE
DT0001,AU0001,3,271,O,사법·행정,MT_HANKUK_TITLE
DT0001,AU0001,3,272,P,국제통계,MT_HANKUK_TITLE
DT0001,AU0001,3,273,127_100,ICT산업일자리행정통계,MT_STOP_TITLE
DT0001,AU0001,3,274,101_013,가계자산조사(2006년),MT_STOP_TITLE
DT0001,AU0001,3,275,C22,가구소비실태조사,MT_STOP_TITLE
DT0001,AU0001,3,276,388_38802,가전기기보급률및가정용전력소비행태조사,MT_STOP_TITLE
DT0001,AU0001,3,277,211_211A_653_001,강릉시일자리종합실태조사,MT_STOP_TITLE
DT0001,AU0001,3,278,365_36506,건설업금융실태조사,MT_STOP_TITLE
DT0001,AU0001,3,279,101_011,경기도콘텐츠산업통계조사,MT_STOP_TITLE
DT0001,AU0001,3,280,217_217041,경남관광실태조사,MT_STOP_TITLE
DT0001,AU0001,3,281,217_21710,경상남도시군별특화농업조사,MT_STOP_TITLE
DT0001,AU0001,3,282,216_21607,경상북도주력IT분야역량조사,MT_STOP_TITLE
DT0001,AU0001,3,283,106_001,공공기관친환경상품구매실적,MT_STOP_TITLE
DT0001,AU0001,3,284,136_13607,관상수시업상황조사,MT_STOP_TITLE
DT0001,AU0001,3,285,210_210A_637_001,광주시여성통계,MT_STOP_TITLE
DT0001,AU0001,3,286,113_11313,국민의기초문해력조사,MT_STOP_TITLE
DT0001,AU0001,3,287,314_31403,국민해외여행실태조사,MT_STOP_TITLE
DT0001,AU0001,3,288,214A_712_215A_712_71204,군산시서비스업동향조사,MT_STOP_TITLE
DT0001,AU0001,3,289,216A_771_77102,군위군사회조사,MT_STOP_TITLE
DT0001,AU0001,3,290,M2_A01,금융기관유가증권보유통계,MT_STOP_TITLE
DT0001,AU0001,3,291,M2_A0001,금융통계,MT_STOP_TITLE
DT0001,AU0001,3,292,763_001,김천시여성통계,MT_STOP_TITLE
DT0001,AU0001,3,293,V_3_210_006,남양주시여성통계,MT_STOP_TITLE
DT0001,AU0001,3,294,117_11792,노후준비실태조사,MT_STOP_TITLE
DT0001,AU0001,3,295,E_GI,녹색생활조사,MT_STOP_TITLE
DT0001,AU0001,3,296,F15,농·어업법인조사,MT_STOP_TITLE
DT0001,AU0001,3,297,425_001,농업법인정보화수준및활용도조사,MT_STOP_TITLE
DT0001,AU0001,3,298,143_14301,농촌생활지표조사,MT_STOP_TITLE
DT0001,AU0001,3,299,117_11789,다층노후소득보장체계실태조사,MT_STOP_TITLE
DT0001,AU0001,3,300,101,대기배출계정,MT_STOP_TITLE
DT0001,AU0001,3,301,101_001,도소매업동태조사,MT_STOP_TITLE
DT0001,AU0001,3,302,329_32902,모바일인터넷이용실태조사,MT_STOP_TITLE
DT0001,AU0001,3,303,331_35801,병원경영실태조사,MT_STOP_TITLE
DT0001,AU0001,3,304,117_11784,보건복지관련산업일자리조사,MT_STOP_TITLE
DT0001,AU0001,3,305,213_213A_693_001,보령시여성통계,MT_STOP_TITLE
DT0001,AU0001,3,306,202_20208_20208,부산관광실태조사,MT_STOP_TITLE
DT0001,AU0001,3,307,202_01_2018,부산광역시베이비부머통계,MT_STOP_TITLE
DT0001,AU0001,3,308,V_3_202_001,부산광역시북구사회보장수급대상통계,MT_STOP_TITLE
DT0001,AU0001,3,309,112_11212,사교육의식조사,MT_STOP_TITLE
DT0001,AU0001,3,310,JA,서비스업총조사,MT_STOP_TITLE
DT0001,AU0001,3,311,V_3_213_005,서산시여성통계,MT_STOP_TITLE
DT0001,AU0001,3,312,V_3_213_017,서천군여성통계,MT_STOP_TITLE
DT0001,AU0001,3,313,117_01,선천성이상아 통계조사,MT_STOP_TITLE
DT0001,AU0001,3,314,V_3_210_003,성남시장애인통계,MT_STOP_TITLE
DT0001,AU0001,3,315,K13,소비자전망조사,MT_STOP_TITLE
DT0001,AU0001,3,316,210_210A_611_611005,수원시외국인체류실태및고용조사,MT_STOP_TITLE
DT0001,AU0001,3,317,215_215A_733_733004,순천시경제지표조사,MT_STOP_TITLE
DT0001,AU0001,3,318,101_003,시가총액대비간접투자기구비중,MT_STOP_TITLE
DT0001,AU0001,3,319,356_35601,시설물유지관리업조사,MT_STOP_TITLE
DT0001,AU0001,3,320,309_30901,시장경기동향조사,MT_STOP_TITLE
DT0001,AU0001,3,321,V_3_210_005,시흥시일자리종합실태조사,MT_STOP_TITLE
DT0001,AU0001,3,322,117_11786,아동학대실태조사,MT_STOP_TITLE
DT0001,AU0001,3,323,213_213A_694_694005,아산시청년통계,MT_STOP_TITLE
DT0001,AU0001,3,324,123_14001,어업법인조사,MT_STOP_TITLE
DT0001,AU0001,3,325,101_002,어업조사,MT_STOP_TITLE
DT0001,AU0001,3,326,101_004,어업총조사,MT_STOP_TITLE
DT0001,AU0001,3,327,154_15415_a0001,여성정책수요조사,MT_STOP_TITLE
DT0001,AU0001,3,328,210_210A_635_635004,여주시복지실태조사,MT_STOP_TITLE
DT0001,AU0001,3,329,210_210A_635_004,여주시일자리인식실태조사,MT_STOP_TITLE
DT0001,AU0001,3,330,775_001,영덕군노인실태조사,MT_STOP_TITLE
DT0001,AU0001,3,331,J2_13,영리법인통계,MT_STOP_TITLE
DT0001,AU0001,3,332,117_11733_1,영아모성사망조사,MT_STOP_TITLE
DT0001,AU0001,3,333,210_210A_624_624003,오산시외국인체류실태및고용조사,MT_STOP_TITLE
DT0001,AU0001,3,334,127_008,온라인및오프라인결합서비스(O2O서비스)산업조사,MT_STOP_TITLE
DT0001,AU0001,3,335,155_15502,외국어선나포현황,MT_STOP_TITLE
DT0001,AU0001,3,336,101_N2,외환수급통계,MT_STOP_TITLE
DT0001,AU0001,3,337,101_N11,월세가격동향조사,MT_STOP_TITLE
DT0001,AU0001,3,338,206_206A_594_59401,유성구사회조사,MT_STOP_TITLE
DT0001,AU0001,3,339,217A_801_001,의령군귀농귀촌실태조사,MT_STOP_TITLE
DT0001,AU0001,3,340,D1_35802_1,의료기기산업실태조사,MT_STOP_TITLE
DT0001,AU0001,3,341,210_210A_627_001,의왕시여성통계,MT_STOP_TITLE
DT0001,AU0001,3,342,O3_11215,이공계인력국내외유입및유출실태조사,MT_STOP_TITLE
DT0001,AU0001,3,343,V_3_210_002,이천시여성통계,MT_STOP_TITLE
DT0001,AU0001,3,344,117_11769,인수공통감염병위험군의감염실태조사,MT_STOP_TITLE
DT0001,AU0001,3,345,204_204A_563_563002,인천광역시남구사회조사,MT_STOP_TITLE
DT0001,AU0001,3,346,204_204A_563_563003,인천광역시남구전통시장및상점가조사,MT_STOP_TITLE
DT0001,AU0001,3,347,204_20404,인천시민생활 및 의식조사,MT_STOP_TITLE
DT0001,AU0001,3,348,118_r6589,임금결정현황조사,MT_STOP_TITLE
DT0001,AU0001,3,349,101_005,임업총조사,MT_STOP_TITLE
DT0001,AU0001,3,350,101_006,자산운용사위험대비자기자본비율,MT_STOP_TITLE
DT0001,AU0001,3,351,383_38301,장애인구인구직및취업동향,MT_STOP_TITLE
DT0001,AU0001,3,352,117_33108,전국결혼및출산동향조사,MT_STOP_TITLE
DT0001,AU0001,3,353,117_11790,전국민장내기생충감염실태조사,MT_STOP_TITLE
DT0001,AU0001,3,354,142_MT_BTITLE_C,전국소상공인실태조사,MT_STOP_TITLE
DT0001,AU0001,3,355,101_JI,전자상거래동향조사,MT_STOP_TITLE
DT0001,AU0001,3,356,113_STBL,정기간행물등록현황,MT_STOP_TITLE
DT0001,AU0001,3,357,M1_17,정보통신공사업경영분석,MT_STOP_TITLE
DT0001,AU0001,3,358,N1_29,정보통신공사업통계조사,MT_STOP_TITLE
DT0001,AU0001,3,359,MT_CTITLE_a,정보통신기술산업통계조사,MT_STOP_TITLE
DT0001,AU0001,3,360,I24_37103,정보통신부문완성공사원가분석,MT_STOP_TITLE
DT0001,AU0001,3,361,D1_35802,제약산업실태조사,MT_STOP_TITLE
DT0001,AU0001,3,362,218_020,제주관광산업동향조사,MT_STOP_TITLE
DT0001,AU0001,3,363,218_003,제주특별자치도청년통계,MT_STOP_TITLE
DT0001,AU0001,3,364,142_14207,중소기업 사업전환실태조사,MT_STOP_TITLE
DT0001,AU0001,3,365,142_MT_BTITLE_3,중소기업 인력실태조사,MT_STOP_TITLE
DT0001,AU0001,3,366,115_11514,중소유통업실태조사,MT_STOP_TITLE
DT0001,AU0001,3,367,455_001,지식서비스산업실태조사,MT_STOP_TITLE
DT0001,AU0001,3,368,217A_791_79103,창원시서비스업동향조사,MT_STOP_TITLE
DT0001,AU0001,3,369,217A_791_79102,창원시제조업동향조사,MT_STOP_TITLE
DT0001,AU0001,3,370,E5_11519,천연가스자동차보급현황,MT_STOP_TITLE
DT0001,AU0001,3,371,320_32001,천연가스통계,MT_STOP_TITLE
DT0001,AU0001,3,372,402_402004_17_1,청년사회·경제실태조사,MT_STOP_TITLE
DT0001,AU0001,3,373,154_15414,청소년 매체이용 실태조사,MT_STOP_TITLE
DT0001,AU0001,3,374,154_16706,청소년가치관조사,MT_STOP_TITLE
DT0001,AU0001,3,375,101_154,청소년상담지원현황,MT_STOP_TITLE
DT0001,AU0001,3,376,K23,총사업체통계조사,MT_STOP_TITLE
DT0001,AU0001,3,377,117_33104,최저생계비계측조사,MT_STOP_TITLE
DT0001,AU0001,3,378,211_211A_651_651003,춘천시경제관광조사,MT_STOP_TITLE
DT0001,AU0001,3,379,212_212A_672_67202,충주시특화작물조사,MT_STOP_TITLE
DT0001,AU0001,3,380,213_001_006,충청남도독거노인통계,MT_STOP_TITLE
DT0001,AU0001,3,381,213_G1,충청남도민생활체육참여실태조사,MT_STOP_TITLE
DT0001,AU0001,3,382,210_210A_630_003,파주시외국인체류실태및고용조사,MT_STOP_TITLE
DT0001,AU0001,3,383,392_39202_1,폐기물다량발생사업장 폐기물감량현황,MT_STOP_TITLE
DT0001,AU0001,3,384,761_76102,포항시제조업동향조사,MT_STOP_TITLE
DT0001,AU0001,3,385,334_33408,한국교육종단조사(패널),MT_STOP_TITLE
DT0001,AU0001,3,386,D1A,한센병관리사업실적,MT_STOP_TITLE
DT0001,AU0001,3,387,101_010,함안군일자리종합실태조사,MT_STOP_TITLE
DT0001,AU0001,3,388,V_4_217_002,함양군전통시장조사,MT_STOP_TITLE
DT0001,AU0001,3,389,F_62,항노화제조산업실태조사,MT_STOP_TITLE
DT0001,AU0001,3,390,155_15506,해상마약밀수사범검거현황,MT_STOP_TITLE
DT0001,AU0001,3,391,155_15505,해상밀입출국자검거현황,MT_STOP_TITLE
DT0001,AU0001,3,392,155_15504,해상범죄통계,MT_STOP_TITLE
DT0001,AU0001,3,393,123_146003,해양산업통계조사,MT_STOP_TITLE
DT0001,AU0001,3,394,155_15501,해양오염사고통계,MT_STOP_TITLE
DT0001,AU0001,3,395,113_11307,호텔업운영현황,MT_STOP_TITLE
DT0001,AU0001,3,396,D1_11769,화장품산업실태조사,MT_STOP_TITLE
DT0001,AU0001,3,397,301_N,화폐발행고조사,MT_STOP_TITLE
DT0001,AU0001,3,398,101_11759,흡연실태조사,MT_STOP_TITLE
DT0001,AU0001,3,399,101_KJ,국제통계연감(2025),MT_RTITLE
DT0001,AU0001,3,400,R_SUB_OTITLE,국제기구별 통계,MT_RTITLE
DT0001,AU0001,3,401,101_001,주제별,MT_BUKHAN
DT0001,AU0001,3,402,101_101BUKHANI01,국제기구별,MT_BUKHAN
DT0001,AU0001,3,403,101_101BUKHANB11,인구일제조사,MT_BUKHAN
DT0001,AU0001,3,404,101_101BUKHANB12,인구추계,MT_BUKHAN
DT0001,AU0001,3,405,101_101BUKHANB88,유의통계표,MT_BUKHAN
DT0001,AU0001,3,406,101_001BUKHAN_STOP,중지통계표,MT_BUKHAN
DT0001,AU0001,3,407,101_001,1인가구,MT_TM1_TITLE
DT0001,AU0001,3,408,101_A11,남성,MT_TM1_TITLE
DT0001,AU0001,3,409,A05,노인,MT_TM1_TITLE
DT0001,AU0001,3,410,101_A10,다문화,MT_TM1_TITLE
DT0001,AU0001,3,411,A14,신혼부부,MT_TM1_TITLE
DT0001,AU0001,3,412,A02,아동,MT_TM1_TITLE
DT0001,AU0001,3,413,A06,여성,MT_TM1_TITLE
DT0001,AU0001,3,414,A01,영유아,MT_TM1_TITLE
DT0001,AU0001,3,415,A09,외국인,MT_TM1_TITLE
DT0001,AU0001,3,416,A08,장애인,MT_TM1_TITLE
DT0001,AU0001,3,417,A04,학생,MT_TM1_TITLE
DT0001,AU0001,3,418,A07,환자,MT_TM1_TITLE
DT0001,AU0001,3,419,101_B01,가족관계,MT_TM2_TITLE
DT0001,AU0001,3,420,101_B31,건강·질병,MT_TM2_TITLE
DT0001,AU0001,3,421,101_B02,경기(전망 및 투자),MT_TM2_TITLE
DT0001,AU0001,3,422,101_B09,교통 및 교통사고,MT_TM2_TITLE
DT0001,AU0001,3,423,101_B23,노동조합(노조),MT_TM2_TITLE
DT0001,AU0001,3,424,B24,범죄·안전,MT_TM2_TITLE
DT0001,AU0001,3,425,B21,보험,MT_TM2_TITLE
DT0001,AU0001,3,426,101_B15,부동산·소득·신용카드,MT_TM2_TITLE
DT0001,AU0001,3,427,101_B35,사교육비,MT_TM2_TITLE
DT0001,AU0001,3,428,101_101_B37,소매·유통,MT_TM2_TITLE
DT0001,AU0001,3,429,B26,여가생활·운동,MT_TM2_TITLE
DT0001,AU0001,3,430,B07,여행·영화·음악,MT_TM2_TITLE
DT0001,AU0001,3,431,101_B48,연금,MT_TM2_TITLE
DT0001,AU0001,3,432,101_B28,원자력 발전,MT_TM2_TITLE
DT0001,AU0001,3,433,101_B17,음주·흡연,MT_TM2_TITLE
DT0001,AU0001,3,434,B11,이사·주택,MT_TM2_TITLE
DT0001,AU0001,3,435,101_B30,인구,MT_TM2_TITLE
DT0001,AU0001,3,436,B80,일자리,MT_TM2_TITLE
DT0001,AU0001,3,437,101_B36,자원봉사활동,MT_TM2_TITLE
DT0001,AU0001,3,438,B81,재해,MT_TM2_TITLE
DT0001,AU0001,3,439,B12,저축·자산·부채,MT_TM2_TITLE
DT0001,AU0001,3,440,101_B32,전자상거래,MT_TM2_TITLE
DT0001,AU0001,3,441,101_B33,정보화,MT_TM2_TITLE
DT0001,AU0001,3,442,B10,종교,MT_TM2_TITLE
DT0001,AU0001,3,443,101_B20,주식·금융,MT_TM2_TITLE
DT0001,AU0001,3,444,101_B05,출생·사망,MT_TM2_TITLE
DT0001,AU0001,3,445,101_B18,취업·실업,MT_TM2_TITLE
DT0001,AU0001,3,446,101_101_B40,탄소중립,MT_TM2_TITLE
DT0001,AU0001,3,447,101_B19,혼인·이혼,MT_TM2_TITLE
DT0001,AU0001,3,448,101_B77,환경,MT_TM2_TITLE
DT0001,AU0001,3,449,101,일자리상황,MT_TM3_TITLE
DT0001,AU0001,3,450,102,삶의 질,MT_TM3_TITLE
DT0001,AU0001,3,451,103,저출산/고령화,MT_TM3_TITLE
DT0001,AU0001,3,452,104,지역인구 주요 지표,MT_TM3_TITLE
DT0001,AU0001,4,1,json,JSON 포맷 반환,
DT0001,AU0001,5,1,html,HTML 포맷 헤더유형,
DT0001,AU0001,5,2,json,JSON 포맷 헤더 유형,